Stock/None,,
AC Cars 427 S/C '66 ,08DD,10A1F808 000008DD ,Stock 
Acura CL 3.2 Type-S '01 ,088F,10A1F808 0000088F ,Stock 
Acura CL 3.2 Type-S '03 ,07D0,10A1F808 000007D0 ,Stock 
Acura INTEGRA Type-R '01 ,0821,10A1F808 00000821 ,Stock 
Acura NSX '04 ,08D4,10A1F808 000008D4 ,Stock 
Acura NSX '91 ,0936,10A1F808 00000936 ,Stock 
Acura NSX Coupe '97 ,06D3,10A1F808 000006D3 ,Stock 
Acura RSX Type-S '04 ,07D1,10A1F808 000007D1 ,Stock 
Alfa Romeo 147 2.0 Twinspark '02 ,057C,10A1F808 0000057C ,Stock 
Alfa Romeo 147 GTA '02 ,05BD,10A1F808 000005BD ,Stock 
Alfa Romeo 155 2.5 V6 TI '93 ,06A8,10A1F808 000006A8 ,Stock 
Alfa Romeo 156 2.5 V6 24V '98 ,0858,10A1F808 00000858 ,Stock 
Alfa Romeo 166 2.5 V6 24V '98 ,0780,10A1F808 00000780 ,Stock 
Alfa Romeo Giulia Sprint GTA 1600 '65 ,059A,10A1F808 0000059A ,Stock 
Alfa Romeo Giulia Sprint Speciale '63 ,07BE,10A1F808 000007BE ,Stock 
Alfa Romeo GT 3.2 V6 24V '04 ,096B,10A1F808 0000096B ,Stock 
Alfa Romeo GTV 3.0 V6 24V '01 ,06C3,10A1F808 000006C3 ,Stock 
Alfa Romeo Spider 1600 Duetto '66 ,07D2,10A1F808 000007D2 ,Stock 
Alfa Romeo Spider 3.0i V6 24V '01 ,06DB,10A1F808 000006DB ,Stock 
Alpine A110 1600S '73 ,0582,10A1F808 00000582 ,Stock 
Alpine A310 1600VE '73 ,07D3,10A1F808 000007D3 ,Stock 
AMEMIYA ASPARADRINK RX7 (JGTC) '04 ,08A3,10A1F808 000008A3 ,Stock 
AMG Mercedes 190 E 2.5 - 16 Evolution II Touring Car '92 ,06A5,10A1F808 000006A5 ,Stock 
AMG Mercedes CLK-GTR Race Car '98 ,06BF,10A1F808 000006BF ,Stock 
AMUSE CarbonR (R34) '04 ,08DE,10A1F808 000008DE ,Stock 
AMUSE S2000 GT1 '04 ,08DF,10A1F808 000008DF ,Stock 
AMUSE S2000 R1 '04 ,0947,10A1F808 00000947 ,Stock 
AMUSE S2000 Street Version '04 ,06AF,10A1F808 000006AF ,Stock 
ASL ARTA Garaiya (JGTC) '03 ,05F6,10A1F808 000005F6 ,Stock 
ASL Garaiya '02 ,0661,10A1F808 00000661 ,Stock 
Aston Martin DB7 Vantage Coupe '00 ,06ED,10A1F808 000006ED ,Stock 
Aston Martin DB9 Coupe '03 ,08E3,10A1F808 000008E3 ,Stock 
Aston Martin V8 Vantage '99 ,0859,10A1F808 00000859 ,Stock 
Aston Martin Vanquish '04 ,0851,10A1F808 00000851 ,Stock 
Audi A2 1.4 '02 ,06B9,10A1F808 000006B9 ,Stock 
Audi A3 3.2 quattro '03 ,06BA,10A1F808 000006BA ,Stock 
Audi A4 Touring Car '04 ,08A1,10A1F808 000008A1 ,Stock 
Audi Abt Audi TT-R Touring Car '02 ,067C,10A1F808 0000067C ,Stock 
Audi Le Mans quattro '03 ,08B3,10A1F808 000008B3 ,Stock 
Audi Nuvolari quattro '03 ,096D,10A1F808 0000096D ,Stock 
Audi Pikes Peak quattro '03 ,096E,10A1F808 0000096E ,Stock 
Audi quattro '82 ,07BF,10A1F808 000007BF ,Stock 
Audi R8 Race Car '01 ,08ED,10A1F808 000008ED ,Stock 
Audi RS 4 '01 ,0729,10A1F808 00000729 ,Stock 
Audi RS 6 '02 ,067A,10A1F808 0000067A ,Stock 
Audi RS 6 Avant '02 ,072A,10A1F808 0000072A ,Stock 
Audi S3 '02 ,06CB,10A1F808 000006CB ,Stock 
Audi S4 '03 ,0889,10A1F808 00000889 ,Stock 
Audi S4 '98 ,085A,10A1F808 0000085A ,Stock 
Audi TT Coupe 1.8T quattro '00 ,067B,10A1F808 0000067B ,Stock 
Audi TT Coupe 3.2 quattro '03 ,08F3,10A1F808 000008F3 ,Stock 
Auto Union V16 Type C Streamline '37 ,096C,10A1F808 0000096C ,Stock 
Autobianchi A112 Abarth '79 ,0610,10A1F808 00000610 ,Stock 
Bentley Speed 8 Race Car '03 ,08E4,10A1F808 000008E4 ,Stock 
Benz Patent Motor Wagen 1886 ,0906,10A1F808 00000906 ,Stock 
BLITZ ER34 D1 spec 2004 (D1GP) '04 ,0892,10A1F808 00000892 ,Stock 
BMW 120d '04 ,06C6,10A1F808 000006C6 ,Stock 
BMW 120i '04 ,0653,10A1F808 00000653 ,Stock 
BMW 2002 Turbo '73 ,08F4,10A1F808 000008F4 ,Stock 
BMW 320i Touring Car '03 ,06BC,10A1F808 000006BC ,Stock 
BMW 330i '05 ,07D5,10A1F808 000007D5 ,Stock 
BMW M Coupe '98 ,07C1,10A1F808 000007C1 ,Stock 
BMW M3 '04 ,07C0,10A1F808 000007C0 ,Stock 
BMW M3 CSL '03 ,085F,10A1F808 0000085F ,Stock 
BMW M3 GTR Race Car '01 ,06A4,10A1F808 000006A4 ,Stock 
BMW M3 GTR '03 ,0765,10A1F808 00000765 ,Stock 
BMW M5 '05 ,0895,10A1F808 00000895 ,Stock 
BMW McLaren F1 GTR Race Car '97 ,063E,10A1F808 0000063E ,Stock 
BMW V12 LMR Race Car '99 ,06BD,10A1F808 000006BD ,Stock 
BMW Z4 '03 ,07C2,10A1F808 000007C2 ,Stock 
BUICK GNX '87 ,0766,10A1F808 00000766 ,Stock 
BUICK Special '62 ,0864,10A1F808 00000864 ,Stock 
Cadillac CIEN '02 ,0672,10A1F808 00000672 ,Stock 
Callaway C12 '03 ,0767,10A1F808 00000767 ,Stock 
Caterham Seven Fire Blade '02 ,08DA,10A1F808 000008DA ,Stock 
Chaparral 2D Race Car '67 ,0967,10A1F808 00000967 ,Stock 
Chaparral 2J Race Car '70 ,0968,10A1F808 00000968 ,Stock 
Chevrolet Camaro IROC-Z Concept '88 ,07D7,10A1F808 000007D7 ,Stock 
Chevrolet Camaro LM Race Car '01 ,06E4,10A1F808 000006E4 ,Stock 
Chevrolet Camaro SS '00 ,0673,10A1F808 00000673 ,Stock 
Chevrolet Camaro SS '69 ,0769,10A1F808 00000769 ,Stock 
Chevrolet Camaro Z28 302 '69 ,0585,10A1F808 00000585 ,Stock 
Chevrolet Camaro Z28 Coupe '97 ,0586,10A1F808 00000586 ,Stock 
Chevrolet Chevelle SS 454 '70 ,058A,10A1F808 0000058A ,Stock 
Chevrolet Corvette C5R (C5) '00 ,0674,10A1F808 00000674 ,Stock 
Chevrolet Corvette Convertible (C1) '54 ,06B7,10A1F808 000006B7 ,Stock 
Chevrolet Corvette Coupe (C2) '63 ,0865,10A1F808 00000865 ,Stock 
Chevrolet Corvette GRAND SPORT (C4) '96 ,058E,10A1F808 0000058E ,Stock 
Chevrolet Corvette Stingray L46 350 (C3) '69 ,058F,10A1F808 0000058F ,Stock 
Chevrolet Corvette Z06 (C2) Race Car '63 ,0857,10A1F808 00000857 ,Stock 
Chevrolet Corvette Z06 (C5) '00 ,06EA,10A1F808 000006EA ,Stock 
Chevrolet Corvette ZR-1 (C4) '90 ,08E2,10A1F808 000008E2 ,Stock 
Chevrolet Silverado SST Concept '02 ,0768,10A1F808 00000768 ,Stock 
Chevrolet SSR '03 ,05B5,10A1F808 000005B5 ,Stock 
Chrysler 300C '05 ,096A,10A1F808 0000096A ,Stock 
Chrysler Crossfire '04 ,0590,10A1F808 00000590 ,Stock 
Chrysler Prowler '02 ,0823,10A1F808 00000823 ,Stock 
Chrysler PT-Cruiser '00 ,071A,10A1F808 0000071A ,Stock 
Citroen 2CV Type A '54 ,08DB,10A1F808 000008DB ,Stock 
Citroen C3 1.6 '02 ,0781,10A1F808 00000781 ,Stock 
Citroen C5 V6 Exclusive '03 ,0611,10A1F808 00000611 ,Stock 
Citroen Xantia 3.0i V6 Exclusive '00 ,0825,10A1F808 00000825 ,Stock 
Citroen Xsara Rally Car '99 ,0753,10A1F808 00000753 ,Stock 
Citroen Xsara VTR '03 ,076A,10A1F808 0000076A ,Stock 
Cizeta V16T '94 ,07D8,10A1F808 000007D8 ,Stock 
CUSCO SUBARU ADVAN IMPREZA(JGTC)'03 ,0608,10A1F808 00000608 ,Stock 
Daihatsu Copen Active Top '02 ,05F7,10A1F808 000005F7 ,Stock 
Daihatsu Copen Detachable Top '02 ,0782,10A1F808 00000782 ,Stock 
Daihatsu Cuore TR-XX Avanzato R (J) '97 ,07A2,10A1F808 000007A2 ,Stock 
Daihatsu Midget '63 ,094B,10A1F808 0000094B ,Stock 
Daihatsu Midget II D-type '98 ,05F8,10A1F808 000005F8 ,Stock 
Daihatsu MOVE Custom RS Limited '02 ,07D9,10A1F808 000007D9 ,Stock 
Daihatsu MOVE CX '95 ,0826,10A1F808 00000826 ,Stock 
Daihatsu MOVE SR-XX 2WD '97 ,08B5,10A1F808 000008B5 ,Stock 
Daihatsu MOVE SR-XX 4WD '97 ,0866,10A1F808 00000866 ,Stock 
Daihatsu SIRION CX 2WD (J) '98 ,0938,10A1F808 00000938 ,Stock 
Daihatsu SIRION CX 4WD (J) '98 ,0939,10A1F808 00000939 ,Stock 
Daihatsu SIRION X4 (J) '00 ,07BB,10A1F808 000007BB ,Stock 
Daimler Motor Carriage 1886 ,0907,10A1F808 00000907 ,Stock 
DMC DeLorean S2 '04 ,0937,10A1F808 00000937 ,Stock 
Dodge Charger 440 R/T '70 ,07C4,10A1F808 000007C4 ,Stock 
Dodge Charger Super Bee 426 Hemi '71 ,07DA,10A1F808 000007DA ,Stock 
Dodge RAM 1500 LARAMIE Hemi Quad Cab '04 ,08EF,10A1F808 000008EF ,Stock 
Dodge SRT4 '03 ,06B8,10A1F808 000006B8 ,Stock 
Dodge VIPER GTS '99 ,0827,10A1F808 00000827 ,Stock 
Dodge VIPER GTSR Concept '00 ,0675,10A1F808 00000675 ,Stock 
Dodge VIPER GTS-R Team Oreca Race Car '00 ,05C1,10A1F808 000005C1 ,Stock 
Dodge VIPER SRT10 '03 ,076C,10A1F808 0000076C ,Stock 
DOME ZERO '78 ,0662,10A1F808 00000662 ,Stock 
EAGLE Talon Esi '97 ,076D,10A1F808 0000076D ,Stock 
Fiat 500F '65 ,0581,10A1F808 00000581 ,Stock 
Fiat 500L '69 ,089F,10A1F808 0000089F ,Stock 
Fiat 500R '72 ,08A0,10A1F808 000008A0 ,Stock 
Fiat Barchetta Giovane Due '00 ,0698,10A1F808 00000698 ,Stock 
Fiat Coupe Turbo Plus '00 ,0682,10A1F808 00000682 ,Stock 
Fiat Panda Super i.e. '90 ,0612,10A1F808 00000612 ,Stock 
Fiat Punto HGT Abarth '00 ,0699,10A1F808 00000699 ,Stock 
Ford Escort Rally Car '98 ,0828,10A1F808 00000828 ,Stock 
Ford Falcon XR8 '00,0692,10A1F808 00000692 ,Stock 
Ford FOCUS Rally Car '99 ,063F,10A1F808 0000063F ,Stock 
Ford FOCUS RS '02 ,0597,10A1F808 00000597 ,Stock 
Ford FOCUS ST170 '03 ,08F8,10A1F808 000008F8 ,Stock 
Ford GT '02 ,063A,10A1F808 0000063A ,Stock 
Ford GT '05 ,06CA,10A1F808 000006CA ,Stock 
Ford GT '05 (no stripe) ,095B,10A1F808 0000095B ,Stock 
Ford GT LM Race Car '02 ,0598,10A1F808 00000598 ,Stock 
Ford GT LM Race Car Spec II '04 ,0948,10A1F808 00000948 ,Stock 
Ford GT40 Race Car '69 ,0677,10A1F808 00000677 ,Stock 
Ford Ka '01 ,05A1,10A1F808 000005A1 ,Stock 
Ford Model T Tourer '15 ,093E,10A1F808 0000093E ,Stock 
Ford Mustang GT '05 ,07C5,10A1F808 000007C5 ,Stock 
Ford MUSTANG SVT Cobra R '00 ,0678,10A1F808 00000678 ,Stock 
Ford RS200 '84 ,07DB,10A1F808 000007DB ,Stock 
Ford RS200 Rally Car '85 ,07DC,10A1F808 000007DC ,Stock 
Ford SVT F-150 Lightning '03 ,08D2,10A1F808 000008D2 ,Stock 
Ford Taurus SHO '98 ,0657,10A1F808 00000657 ,Stock 
Formula Gran Turismo '04 ,094E,10A1F808 0000094E ,Stock 
FPV F6 Typhoon '04 ,08E5,10A1F808 000008E5 ,Stock 
FPV GT '04 ,08E6,10A1F808 000008E6 ,Stock 
Gathers Drider CIVIC Race Car '98 ,07C7,10A1F808 000007C7 ,Stock 
Gillet Vertigo Race Car '04 ,0888,10A1F808 00000888 ,Stock 
Ginetta G4 '64 ,0853,10A1F808 00000853 ,Stock 
HKS GENKI HYPER SILVIA RS2 (D1GP) '04 ,0867,10A1F808 00000867 ,Stock 
Holden Commodore SS '04 ,08F1,10A1F808 000008F1 ,Stock 
Holden Monaro CV8 '04 ,08B4,10A1F808 000008B4 ,Stock 
Hommell Berlinette R/S Coupe '99 ,0899,10A1F808 00000899 ,Stock 
Honda 1300 Coupe 9 S '70 ,05E5,10A1F808 000005E5 ,Stock 
Honda ACCORD Coupe (US) '88 ,05E6,10A1F808 000005E6 ,Stock 
Honda ACCORD Coupe EX V6 (US) '03 ,065B,10A1F808 0000065B ,Stock 
Honda ACCORD Euro-R '00 ,06D1,10A1F808 000006D1 ,Stock 
Honda ACCORD Euro-R '02 ,06D0,10A1F808 000006D0 ,Stock 
Honda ARTA NSX (JGTC) '00 ,05F3,10A1F808 000005F3 ,Stock 
Honda BALLADE SPORTS CR-X 1.5i '83 ,05C2,10A1F808 000005C2 ,Stock 
Honda BEAT '91 ,05EF,10A1F808 000005EF ,Stock 
Honda BEAT Version F '92 ,0786,10A1F808 00000786 ,Stock 
Honda BEAT Version Z '93 ,0787,10A1F808 00000787 ,Stock 
Honda Castrol MUGEN NSX (JGTC) '00 ,05F2,10A1F808 000005F2 ,Stock 
Honda CITY Turbo II '83 ,05C3,10A1F808 000005C3 ,Stock 
Honda CIVIC 1500 3door 25i '83 ,0783,10A1F808 00000783 ,Stock 
Honda CIVIC 1500 3door CX '79 ,07DD,10A1F808 000007DD ,Stock 
Honda CIVIC SiR-II (EG) '91 ,07DF,10A1F808 000007DF ,Stock 
Honda CIVIC SiR-II (EG) '92 ,07E0,10A1F808 000007E0 ,Stock 
Honda CIVIC SiR-II (EG) '93 ,058B,10A1F808 0000058B ,Stock 
Honda CIVIC SiR-II (EG) '95 ,07E1,10A1F808 000007E1 ,Stock 
Honda CIVIC TYPE R (EK) '97 ,0868,10A1F808 00000868 ,Stock 
Honda CIVIC TYPE R (EK) '98 ,0632,10A1F808 00000632 ,Stock 
Honda CIVIC TYPE R (EP) '01 ,06E7,10A1F808 000006E7 ,Stock 
Honda CIVIC TYPE R (EP) '04 ,0869,10A1F808 00000869 ,Stock 
Honda CR-X del Sol SiR '92 ,07E2,10A1F808 000007E2 ,Stock 
Honda CR-X SiR '90 ,0829,10A1F808 00000829 ,Stock 
Honda DUALNOTE '01 ,082A,10A1F808 0000082A ,Stock 
Honda ELEMENT '03 ,0785,10A1F808 00000785 ,Stock 
"Honda HSC ""The 37th Tokyo Motor Show Concept Car"" '03" ,05E7,10A1F808 000005E7 ,Stock 
Honda S2000 '01 ,0737,10A1F808 00000737 ,Stock 
Honda S2000 '03 ,07B9,10A1F808 000007B9 ,Stock 
Honda S2000 '99 ,0736,10A1F808 00000736 ,Stock 
Honda S2000 Type V '00 ,073B,10A1F808 0000073B ,Stock 
Honda S2000 Type V '01 ,073C,10A1F808 0000073C ,Stock 
Honda S2000 Type V '03 ,0952,10A1F808 00000952 ,Stock 
Honda Insight '99 ,05E8,10A1F808 000005E8 ,Stock 
Honda INTEGRA TYPE R (DC2) '95 ,07E3,10A1F808 000007E3 ,Stock 
Honda INTEGRA TYPE R (DC2) '98 ,0631,10A1F808 00000631 ,Stock 
Honda INTEGRA TYPE R (DC2) '99 ,07E4,10A1F808 000007E4 ,Stock 
Honda INTEGRA TYPE R (DC5) '03 ,087F,10A1F808 0000087F ,Stock 
Honda INTEGRA TYPE R Touring Car '02 ,065E,10A1F808 0000065E ,Stock 
Honda Jazz 1.4 dsi Se Sp '01 ,093A,10A1F808 0000093A ,Stock 
Honda LIFE STEP VAN '72 ,0784,10A1F808 00000784 ,Stock 
Honda LOCTITE MUGEN NSX (JGTC) '01 ,05F4,10A1F808 000005F4 ,Stock 
Honda Mobil 1 NSX (JGTC) '01 ,05F5,10A1F808 000005F5 ,Stock 
Honda MUGEN MOTUL CIVIC Si Race Car '87 ,07DE,10A1F808 000007DE ,Stock 
Honda N360 '67 ,05E9,10A1F808 000005E9 ,Stock 
Honda NSX '01 ,086B,10A1F808 0000086B ,Stock 
Honda NSX '90 ,086A,10A1F808 0000086A ,Stock 
Honda NSX '93 ,08B7,10A1F808 000008B7 ,Stock 
Honda NSX '95 ,08B8,10A1F808 000008B8 ,Stock 
Honda NSX '97 ,08B9,10A1F808 000008B9 ,Stock 
Honda NSX '99 ,08BA,10A1F808 000008BA ,Stock 
Honda NSX Type R '02 ,06C7,10A1F808 000006C7 ,Stock 
Honda NSX Type R '92 ,0660,10A1F808 00000660 ,Stock 
Honda NSX Type S '01 ,086D,10A1F808 0000086D ,Stock 
Honda NSX Type S '97 ,086C,10A1F808 0000086C ,Stock 
Honda NSX Type S '99 ,08BB,10A1F808 000008BB ,Stock 
Honda NSX Type S Zero '97 ,05AA,10A1F808 000005AA ,Stock 
Honda NSX Type S Zero '99 ,086E,10A1F808 0000086E ,Stock 
Honda NSX-R Concept '01 ,06AD,10A1F808 000006AD ,Stock 
Honda NSX-R Prototype LM Race Car '02 ,05A9,10A1F808 000005A9 ,Stock 
Honda NSX-R Prototype LM Road Car '02 ,0715,10A1F808 00000715 ,Stock 
Honda Odyssey '03 ,05EA,10A1F808 000005EA ,Stock 
Honda PRELUDE Si VTEC '91 ,06AE,10A1F808 000006AE ,Stock 
Honda PRELUDE SiR '96 ,05EC,10A1F808 000005EC ,Stock 
Honda PRELUDE SiR S spec '98 ,0896,10A1F808 00000896 ,Stock 
Honda PRELUDE Type S '96 ,05AD,10A1F808 000005AD ,Stock 
Honda PRELUDE Type S '98 ,086F,10A1F808 0000086F ,Stock 
Honda RAYBRIG NSX (JGTC) '00 ,05F1,10A1F808 000005F1 ,Stock 
Honda S2000 LM Race Car '01 ,0738,10A1F808 00000738 ,Stock 
Honda S500 '63 ,07E6,10A1F808 000007E6 ,Stock 
Honda S600 '64 ,07E7,10A1F808 000007E7 ,Stock 
Honda S800 '66 ,05ED,10A1F808 000005ED ,Stock 
Honda S800 RSC Race Car '68 ,07C8,10A1F808 000007C8 ,Stock 
Honda TAKATA DOME NSX (JGTC) '03 ,05F0,10A1F808 000005F0 ,Stock 
Honda TODAY G '85 ,05EE,10A1F808 000005EE ,Stock 
Honda Z ACT '70 ,069B,10A1F808 0000069B ,Stock 
HPA Motorsports Stage II R32 '04 ,0969,10A1F808 00000969 ,Stock 
Hyundai Accent Rally Car '01 ,075A,10A1F808 0000075A ,Stock 
Hyundai Clix '01 ,0695,10A1F808 00000695 ,Stock 
Hyundai Coupe FX '01 ,0696,10A1F808 00000696 ,Stock 
Hyundai HCD6 '01 ,075C,10A1F808 0000075C ,Stock 
Infiniti FX45 Concept '02 ,06FB,10A1F808 000006FB ,Stock 
Infiniti G35 SEDAN '03 ,06FC,10A1F808 000006FC ,Stock 
Isuzu 117 Coupe '68 ,057B,10A1F808 0000057B ,Stock 
Isuzu Bellett 1600 GT-R '69 ,07E8,10A1F808 000007E8 ,Stock 
Isuzu PIAZZA XE '81 ,05C5,10A1F808 000005C5 ,Stock 
Jaguar E-Type Coupe '61 ,0788,10A1F808 00000788 ,Stock 
Jaguar S-Type R '02 ,068C,10A1F808 0000068C ,Stock 
Jaguar XJ220 '92 ,0751,10A1F808 00000751 ,Stock 
Jaguar XJ220 LM Race Car '01 ,082B,10A1F808 0000082B ,Stock 
Jaguar XJR-9 Race Car '88 ,0966,10A1F808 00000966 ,Stock 
Jaguar XKR Coupe '99 ,0752,10A1F808 00000752 ,Stock 
Jaguar XKR R-Performance '02 ,068E,10A1F808 0000068E ,Stock 
Jay Leno Tank Car '03 ,0763,10A1F808 00000763 ,Stock 
Jensen Interceptor MkIII '74 ,07C9,10A1F808 000007C9 ,Stock 
Lancia DELTA HF Integrale Evoluzione '91 ,0870,10A1F808 00000870 ,Stock 
Lancia DELTA HF Integrale Rally Car '92 ,082C,10A1F808 0000082C ,Stock 
Lancia Delta S4 Rally Car '85 ,05C6,10A1F808 000005C6 ,Stock 
Lancia STRATOS '73 ,0747,10A1F808 00000747 ,Stock 
Lancia STRATOS Rally Car '77 ,06C4,10A1F808 000006C4 ,Stock 
Land Rover Range Stormer Concept '04 ,08EB,10A1F808 000008EB ,Stock 
Lexus GS300 '00 ,0940,10A1F808 00000940 ,Stock 
Lexus GS300 '91 ,093F,10A1F808 0000093F ,Stock 
Lexus GS300 Vertex Edition (J) '00 ,0941,10A1F808 00000941 ,Stock 
Lexus IS200 (J) '98 ,0951,10A1F808 00000951 ,Stock 
Lexus IS200 '98 ,0702,10A1F808 00000702 ,Stock 
Lexus IS300 Sport Cross '01 ,0704,10A1F808 00000704 ,Stock 
Lexus SC300 '97 ,0943,10A1F808 00000943 ,Stock 
Lexus SC430 '01 ,0706,10A1F808 00000706 ,Stock 
Lister Storm V12 Race Car '99 ,0746,10A1F808 00000746 ,Stock 
Lotus Carlton '90 ,076E,10A1F808 0000076E ,Stock 
Lotus Elan S1 '62 ,076F,10A1F808 0000076F ,Stock 
Lotus Elise '00 ,0594,10A1F808 00000594 ,Stock 
Lotus Elise 111R '04 ,0871,10A1F808 00000871 ,Stock 
Lotus Elise 111S '03 ,08A4,10A1F808 000008A4 ,Stock 
Lotus Elise Sport 190 '98 ,082D,10A1F808 0000082D ,Stock 
Lotus Elise Type 72 '01 ,06EF,10A1F808 000006EF ,Stock 
Lotus Esprit Sport 350 '00 ,068F,10A1F808 0000068F ,Stock 
Lotus Esprit Turbo HC '87 ,06C5,10A1F808 000006C5 ,Stock 
Lotus Esprit V8 '02 ,08F6,10A1F808 000008F6 ,Stock 
Lotus Esprit V8 GT '98 ,0872,10A1F808 00000872 ,Stock 
Lotus Esprit V8 SE '98 ,06F0,10A1F808 000006F0 ,Stock 
Lotus Europa Special '71 ,082E,10A1F808 0000082E ,Stock 
Lotus Motor Sport Elise '99 ,082F,10A1F808 0000082F ,Stock 
Mazda 110S (L10A) '67 ,0886,10A1F808 00000886 ,Stock 
Mazda 110S (L10B) '68 ,07BD,10A1F808 000007BD ,Stock 
Mazda 787B Race Car '91 ,0663,10A1F808 00000663 ,Stock 
Mazda Autozam AZ-1 '92 ,07E9,10A1F808 000007E9 ,Stock 
Mazda BP FALKEN RX-7 (D1GP) '03 ,0628,10A1F808 00000628 ,Stock 
Mazda Carol 360 Deluxe '62 ,06A9,10A1F808 000006A9 ,Stock 
Mazda DEMIO (J) '99 ,06EE,10A1F808 000006EE ,Stock 
Mazda Familia Sedan Sport 20 '02 ,05C8,10A1F808 000005C8 ,Stock 
Mazda KUSABI '03 ,05FB,10A1F808 000005FB ,Stock 
Mazda Mazda 323F '93 ,07A1,10A1F808 000007A1 ,Stock 
Mazda Mazda2 '03 ,0894,10A1F808 00000894 ,Stock 
Mazda Mazda6 5-door '03 ,088D,10A1F808 0000088D ,Stock 
Mazda Mazda6 Concept '01 ,070A,10A1F808 0000070A ,Stock 
Mazda Mazda6 MPS '05 ,0882,10A1F808 00000882 ,Stock 
Mazda Mazda6 Touring Car '02 ,070B,10A1F808 0000070B ,Stock 
Mazda MX-5 (NA) '89 ,093B,10A1F808 0000093B ,Stock 
Mazda MX-5 1.8 RS (NB, J) '98 ,0761,10A1F808 00000761 ,Stock 
Mazda MX-5 1600 NR-A (NB, J) '04 ,0960,10A1F808 00000960 ,Stock 
Mazda MX-5 1800 RS (NB, J) '00 ,0760,10A1F808 00000760 ,Stock 
Mazda MX-5 1800 RS (NB, J) '04 ,095E,10A1F808 0000095E ,Stock 
Mazda MX-5 J-Limited (NA, J) '91 ,07AA,10A1F808 000007AA ,Stock 
Mazda MX-5 J-Limited II (NA, J) '93 ,07AE,10A1F808 000007AE ,Stock 
Mazda MX-5 SR-Limited (NA, J) '97 ,07B2,10A1F808 000007B2 ,Stock 
Mazda MX-5 S-Special Type I (NA, J) '95 ,0891,10A1F808 00000891 ,Stock 
Mazda MX-5 VR-Limited (NA, J) '95 ,084C,10A1F808 0000084C ,Stock 
Mazda MX-5 V-Special Type II (NA, J) '93 ,084D,10A1F808 0000084D ,Stock 
Mazda MX-Crossport '05 ,095C,10A1F808 0000095C ,Stock 
Mazda RX-7 GT-Limited (FC, J) '85 ,091E,10A1F808 0000091E ,Stock 
Mazda RX-7 GT-X (FC, J) '90 ,091F,10A1F808 0000091F ,Stock 
Mazda RX-7 INFINI III (FC, J) '90 ,0920,10A1F808 00000920 ,Stock 
Mazda RX-7 LM Race Car '01 ,072D,10A1F808 0000072D ,Stock 
Mazda RX-7 Spirit R Type A (FD) '02 ,0633,10A1F808 00000633 ,Stock 
Mazda RX-7 Type R (FD, J) '91 ,0921,10A1F808 00000921 ,Stock 
Mazda RX-7 Type R (FD, J) '93 ,0922,10A1F808 00000922 ,Stock 
Mazda RX-7 Type R Bathurst R (FD) '01 ,072E,10A1F808 0000072E ,Stock 
Mazda RX-7 Type RS (FD) '00 ,08CA,10A1F808 000008CA ,Stock 
Mazda RX-7 Type RS (FD) '98 ,072F,10A1F808 0000072F ,Stock 
Mazda RX-7 Type R-S (FD, J) '95 ,0924,10A1F808 00000924 ,Stock 
Mazda RX-7 Type RS (FD, J) '96 ,0923,10A1F808 00000923 ,Stock 
Mazda RX-7 Type RS-R (FD) '97 ,08FF,10A1F808 000008FF ,Stock 
Mazda RX-7 Type RZ (FD) '00 ,0730,10A1F808 00000730 ,Stock 
Mazda RX-7 Type RZ (FD, J) '92 ,0925,10A1F808 00000925 ,Stock 
Mazda RX-7 Type RZ (FD, J) '93 ,0926,10A1F808 00000926 ,Stock 
Mazda RX-7 Type RZ (FD, J) '95 ,0927,10A1F808 00000927 ,Stock 
Mazda RX-7 Type RZ (FD, J) '96 ,0928,10A1F808 00000928 ,Stock 
Mazda RX-8 '03 ,07EB,10A1F808 000007EB ,Stock 
Mazda RX-8 Concept (Type-I) '01 ,0731,10A1F808 00000731 ,Stock 
Mazda RX-8 Concept (Type-II) '01 ,05B2,10A1F808 000005B2 ,Stock 
Mazda RX-8 Concept LM Race Car '01 ,05B1,10A1F808 000005B1 ,Stock 
Mazda RX-8 Type E (J) '03 ,0789,10A1F808 00000789 ,Stock 
Mazda RX-8 Type S (J) '03 ,0634,10A1F808 00000634 ,Stock 
Mercedes 190 E 2.5 - 16 EvoII '91 ,0771,10A1F808 00000771 ,Stock 
Mercedes 300 SL Coupe '54 ,06BE,10A1F808 000006BE ,Stock 
Mercedes A 160 Avantgarde '98 ,084E,10A1F808 0000084E ,Stock 
Mercedes CL 600 '00 ,06E8,10A1F808 000006E8 ,Stock 
Mercedes CLK 55 AMG '00 ,06E9,10A1F808 000006E9 ,Stock 
Mercedes CLK Touring Car '00 ,0697,10A1F808 00000697 ,Stock 
Mercedes E 55 AMG '02 ,0770,10A1F808 00000770 ,Stock 
Mercedes SL 500 (R129) '98 ,0862,10A1F808 00000862 ,Stock 
Mercedes SL 500 (R230) '02 ,0762,10A1F808 00000762 ,Stock 
Mercedes SL 55 AMG (R230) '02 ,0637,10A1F808 00000637 ,Stock 
Mercedes SL 600 (R129) '98 ,08D1,10A1F808 000008D1 ,Stock 
Mercedes SL 600 (R230) '04 ,0874,10A1F808 00000874 ,Stock 
Mercedes SL 65 AMG (R230) '04 ,0875,10A1F808 00000875 ,Stock 
Mercedes SLK 230 Kompressor '98 ,084F,10A1F808 0000084F ,Stock 
Mercedes SLR McLaren '03 ,08F0,10A1F808 000008F0 ,Stock 
Mercury Cougar XR-7 '67 ,0772,10A1F808 00000772 ,Stock 
MG TF160 '03 ,0773,10A1F808 00000773 ,Stock 
MGF '97 ,07CB,10A1F808 000007CB ,Stock 
Mine's Lancer Evolution VI '00 ,064F,10A1F808 0000064F ,Stock 
Mine's Skyline GT-R N1 V-spec (R34) '00 ,0650,10A1F808 00000650 ,Stock 
MINI COOPER '02 ,070D,10A1F808 0000070D ,Stock 
MINI COOPER-S '02 ,05A7,10A1F808 000005A7 ,Stock 
Mini Marcos GT '70 ,07CA,10A1F808 000007CA ,Stock 
MINI ONE '02 ,070E,10A1F808 0000070E ,Stock 
MINOLTA Toyota 88C-V Race Car '89 ,0815,10A1F808 00000815 ,Stock 
Mitsubishi 3000GT MR (J) '95 ,0929,10A1F808 00000929 ,Stock 
Mitsubishi 3000GT MR (J) '98 ,092A,10A1F808 0000092A ,Stock 
Mitsubishi 3000GT SR (J) '95 ,092E,10A1F808 0000092E ,Stock 
Mitsubishi 3000GT SR (J) '96 ,092F,10A1F808 0000092F ,Stock 
Mitsubishi 3000GT SR (J) '98 ,0930,10A1F808 00000930 ,Stock 
Mitsubishi 3000GT VR-4 Turbo (J) '95 ,0933,10A1F808 00000933 ,Stock 
Mitsubishi 3000GT VR-4 Turbo (J) '96 ,0934,10A1F808 00000934 ,Stock 
Mitsubishi 3000GT VR-4 Turbo (J) '98 ,0932,10A1F808 00000932 ,Stock 
Mitsubishi AIRTREK Turbo-R '02 ,06DA,10A1F808 000006DA ,Stock 
Mitsubishi COLT 1.5 Sport X Version '02 ,062C,10A1F808 0000062C ,Stock 
Mitsubishi CZ-3 Tarmac '01 ,06EB,10A1F808 000006EB ,Stock 
Mitsubishi CZ-3 Tarmac Rally Car '02 ,06EC,10A1F808 000006EC ,Stock 
Mitsubishi Eclipse GT '06 ,0970,10A1F808 00000970 ,Stock 
Mitsubishi ECLIPSE GT '95 ,05C9,10A1F808 000005C9 ,Stock 
Mitsubishi ECLIPSE Spyder GTS '03 ,05FF,10A1F808 000005FF ,Stock 
Mitsubishi FTO GP Version R '97 ,0599,10A1F808 00000599 ,Stock 
Mitsubishi FTO GP Version R '99 ,08A6,10A1F808 000008A6 ,Stock 
Mitsubishi FTO GPX '94 ,08A7,10A1F808 000008A7 ,Stock 
Mitsubishi FTO GPX '97 ,08A8,10A1F808 000008A8 ,Stock 
Mitsubishi FTO GPX '99 ,08A9,10A1F808 000008A9 ,Stock 
Mitsubishi FTO GR '94 ,08AA,10A1F808 000008AA ,Stock 
Mitsubishi FTO GR '97 ,08AB,10A1F808 000008AB ,Stock 
Mitsubishi FTO Super Touring Car '97 ,0667,10A1F808 00000667 ,Stock 
Mitsubishi Galant 2.0 DOHC Turbo VR-4 '89 ,07ED,10A1F808 000007ED ,Stock 
Mitsubishi GALANT GTO MR '70 ,07EE,10A1F808 000007EE ,Stock 
Mitsubishi HSR-II Concept '89 ,0600,10A1F808 00000600 ,Stock 
Mitsubishi i '03 ,0601,10A1F808 00000601 ,Stock 
Mitsubishi Lancer 1600 GSR '73 ,05FC,10A1F808 000005FC ,Stock 
Mitsubishi Lancer 1600 GSR Rally Car '74 ,08B2,10A1F808 000008B2 ,Stock 
Mitsubishi Lancer EX 1800GSR IC Turbo '83 ,07EF,10A1F808 000007EF ,Stock 
Mitsubishi Lancer Evolution GSR '92 ,05FD,10A1F808 000005FD ,Stock 
Mitsubishi Lancer Evolution Super Rally Car '03 ,08EA,10A1F808 000008EA ,Stock 
Mitsubishi Lancer Evolution II GSR '94 ,08F9,10A1F808 000008F9 ,Stock 
Mitsubishi Lancer Evolution III GSR '95 ,08D7,10A1F808 000008D7 ,Stock 
Mitsubishi Lancer Evolution IV GSR '96 ,0668,10A1F808 00000668 ,Stock 
Mitsubishi Lancer Evolution IV Rally Car '97 ,0645,10A1F808 00000645 ,Stock 
Mitsubishi Lancer Evolution V GSR '98 ,0639,10A1F808 00000639 ,Stock 
Mitsubishi Lancer Evolution VI GSR TOMMI MAKINEN Edition '00 ,06FE,10A1F808 000006FE ,Stock 
Mitsubishi Lancer Evolution VI GSR '99 ,0669,10A1F808 00000669 ,Stock 
Mitsubishi Lancer Evolution VI RS TOMMI MAKINEN Edition '00 ,07F0,10A1F808 000007F0 ,Stock 
Mitsubishi Lancer Evolution VI RS '99 ,06FD,10A1F808 000006FD ,Stock 
Mitsubishi Lancer Evolution VI Rally Car'99 ,06F1,10A1F808 000006F1 ,Stock 
Mitsubishi Lancer Evolution VII GSR '01 ,05A2,10A1F808 000005A2 ,Stock 
Mitsubishi Lancer Evolution VII GT-A '02 ,06FF,10A1F808 000006FF ,Stock 
Mitsubishi Lancer Evolution VII RS '01 ,0700,10A1F808 00000700 ,Stock 
Mitsubishi Lancer Evolution VIII RS '03 ,07F1,10A1F808 000007F1 ,Stock 
Mitsubishi Lancer Evolution VIII GSR '03 ,05A4,10A1F808 000005A4 ,Stock 
Mitsubishi Lancer Evolution VIII MR GSR '04 ,0852,10A1F808 00000852 ,Stock 
Mitsubishi LEGNUM VR-4 Type V '98 ,0830,10A1F808 00000830 ,Stock 
Mitsubishi MINICA DANGAN ZZ '89 ,07F2,10A1F808 000007F2 ,Stock 
Mitsubishi MIRAGE 1400GLX '78 ,07F3,10A1F808 000007F3 ,Stock 
Mitsubishi MIRAGE CYBORG ZR '97 ,069C,10A1F808 0000069C ,Stock 
Mitsubishi PAJERO Evolution Rally Raid Car '03 ,077F,10A1F808 0000077F ,Stock 
Mitsubishi PAJERO Rally Raid Car '85 ,07F4,10A1F808 000007F4 ,Stock 
Mitsubishi STARION 4WD Rally Car '84 ,066B,10A1F808 0000066B ,Stock 
MUGEN S2000 '00 ,0712,10A1F808 00000712 ,Stock 
NIKE One 2022 ,06CD,10A1F808 000006CD ,Stock 
NISMO 270R '94 ,0714,10A1F808 00000714 ,Stock 
NISMO 400R '96 ,0831,10A1F808 00000831 ,Stock 
NISMO Fairlady Z S-tune concept by GRANTURISMO (Z33) '02 ,0898,10A1F808 00000898 ,Stock 
NISMO Fairlady Z Z-tune (Z33) '03 ,063D,10A1F808 0000063D ,Stock 
NISMO GT-R LM Road Going Version '95 ,0713,10A1F808 00000713 ,Stock 
NISMO Skyline GT-R R-tune (R34) '99 ,071D,10A1F808 0000071D ,Stock 
NISMO Skyline GT-R S-tune (R32) '00 ,069A,10A1F808 0000069A ,Stock 
Nissan 200SX (S14) '96 ,07B5,10A1F808 000007B5 ,Stock 
Nissan 200SX '96 ,0791,10A1F808 00000791 ,Stock 
Nissan 240RS Rally Car '85 ,05CB,10A1F808 000005CB ,Stock 
Nissan 300ZX 2by2 (Z32) '98 ,075F,10A1F808 0000075F ,Stock 
Nissan 300ZX 2seater (Z32) '89 ,0893,10A1F808 00000893 ,Stock 
Nissan 300ZX 2seater (Z32) '98 ,057F,10A1F808 0000057F ,Stock 
Nissan 350Z (Z33) '03 ,0949,10A1F808 00000949 ,Stock 
Nissan 350Z Gran Turismo 4 Limited Edition (Z33) '05 ,0958,10A1F808 00000958 ,Stock 
Nissan 350Z Gran Turismo 4 Limited Edition (Z33) '05 ,0955,10A1F808 00000955 ,second 
Nissan 350Z Roadster (Z33) '03 ,094A,10A1F808 0000094A ,Stock 
Nissan Be-1 '87 ,069D,10A1F808 0000069D ,Stock 
Nissan BLUEBIRD 1600 Deluxe (510) '69 ,0602,10A1F808 00000602 ,Stock 
Nissan BLUEBIRD Hardtop 1800SSS (910) '79 ,0832,10A1F808 00000832 ,Stock 
Nissan BLUEBIRD Rally Car (510) '69 ,0833,10A1F808 00000833 ,Stock 
Nissan CALSONIC SKYLINE (JGTC) '00 ,06E3,10A1F808 000006E3 ,Stock 
Nissan CALSONIC SKYLINE GT-R Race Car '93 ,08E0,10A1F808 000008E0 ,Stock 
Nissan CUBE EX (FF/CVT) '02 ,0603,10A1F808 00000603 ,Stock 
Nissan CUBE X '98 ,066D,10A1F808 0000066D ,Stock 
Nissan C-WEST RAZO SILVIA (JGTC) '01 ,061E,10A1F808 0000061E ,Stock 
Nissan EXA CANOPY L.A.Version Type S (N13) '88 ,0834,10A1F808 00000834 ,Stock 
Nissan Fairlady 2000 (SR311) '68 ,07F5,10A1F808 000007F5 ,Stock 
Nissan Fairlady 240ZG (HS30) '71 ,0935,10A1F808 00000935 ,Stock 
Nissan Fairlady Z 280Z-L 2seater (S130) '78 ,07F6,10A1F808 000007F6 ,Stock 
Nissan Fairlady Z 300ZX (Z31) '83 ,07F7,10A1F808 000007F7 ,Stock 
Nissan Fairlady Z Concept LM Race Car '02 ,05BC,10A1F808 000005BC ,Stock 
Nissan Fairlady Z Version ST (Z33) Option Wheel '02 ,08A5,10A1F808 000008A5 ,Stock 
Nissan FALKEN Nur+G391 GT-R Race Car '04 ,06CC,10A1F808 000006CC ,Stock 
Nissan GRAN TURISMO SKYLINE GT-R (PaceCar) '01 ,071F,10A1F808 0000071F ,Stock 
Nissan GRAN TURISMO SKYLINE GT-R '01 ,0835,10A1F808 00000835 ,Stock 
Nissan GT-R Concept (TokyoShow) '01 ,0721,10A1F808 00000721 ,Stock 
Nissan GT-R Concept LM Race Car '02 ,059D,10A1F808 0000059D ,Stock 
Nissan LOCTITE ZEXEL GT-R (JGTC) '00 ,0708,10A1F808 00000708 ,Stock 
Nissan March G# '99 ,0604,10A1F808 00000604 ,Stock 
Nissan MICRA '03 ,0837,10A1F808 00000837 ,Stock 
Nissan mm-R Cup Car '01 ,0626,10A1F808 00000626 ,Stock 
Nissan MOTUL PITWORK Z (JGTC) '04 ,07F9,10A1F808 000007F9 ,Stock 
Nissan OPTION Stream Z '04 ,08F2,10A1F808 000008F2 ,Stock 
Nissan PAO '89 ,07FA,10A1F808 000007FA ,Stock 
Nissan PENNZOIL Nismo GT-R (JGTC) '99 ,0717,10A1F808 00000717 ,Stock 
Nissan PENNZOIL ZEXEL GT-R (JGTC) '01 ,061C,10A1F808 0000061C ,Stock 
Nissan PRIMERA 2.0Te (J) '90 ,089E,10A1F808 0000089E ,Stock 
Nissan PRIMERA 20V '01 ,0719,10A1F808 00000719 ,Stock 
Nissan R390 GT1 Race Car '98 ,05D9,10A1F808 000005D9 ,Stock 
Nissan R390 GT1 Road Car '98 ,0722,10A1F808 00000722 ,Stock 
Nissan R89C Race Car '89 ,06B3,10A1F808 000006B3 ,Stock 
Nissan R92CP Race Car '92 ,08EE,10A1F808 000008EE ,Stock 
Nissan SILVIA (CSP311) '65 ,07FB,10A1F808 000007FB ,Stock 
Nissan SILVIA 240RS (S100) '83 ,07FC,10A1F808 000007FC ,Stock 
Nissan SILVIA K's (S13) '88 ,05B3,10A1F808 000005B3 ,Stock 
Nissan SILVIA K's (S13) '91 ,066E,10A1F808 0000066E ,Stock 
Nissan SILVIA K's AERO (S14) '93 ,0876,10A1F808 00000876 ,Stock 
Nissan SILVIA Q's (S13) '88 ,08CB,10A1F808 000008CB ,Stock 
Nissan SILVIA Q's (S13) '91 ,08CC,10A1F808 000008CC ,Stock 
Nissan SILVIA Q's AERO (S14) '93 ,08CD,10A1F808 000008CD ,Stock 
Nissan SILVIA Q's AERO (S14) '96 ,08CE,10A1F808 000008CE ,Stock 
Nissan SILVIA Spec R AERO (S15) '99 ,0732,10A1F808 00000732 ,Stock 
Nissan SILVIA Spec S AERO (S15) '99 ,08CF,10A1F808 000008CF ,Stock 
Nissan SILVIA Varietta (S15) '00 ,0740,10A1F808 00000740 ,Stock 
Nissan SKYLINE 1500Deluxe (S50D-1) '63 ,07FD,10A1F808 000007FD ,Stock 
Nissan SKYLINE 2000GT-B (S54A) '67 ,08D0,10A1F808 000008D0 ,Stock 
Nissan SKYLINE 2000GT-R (KPGC110) '73 ,0877,10A1F808 00000877 ,Stock 
Nissan SKYLINE COUPE 350GT '03 ,0605,10A1F808 00000605 ,Stock 
Nissan SKYLINE GT-R (R32) '89 ,08BE,10A1F808 000008BE ,Stock 
Nissan SKYLINE GT-R (R32) '91 ,08BF,10A1F808 000008BF ,Stock 
Nissan SKYLINE GT-R (R33) '95 ,08C5,10A1F808 000008C5 ,Stock 
Nissan SKYLINE GT-R (R33) '96 ,08C6,10A1F808 000008C6 ,Stock 
Nissan SKYLINE GT-R (R33) '97 ,08C7,10A1F808 000008C7 ,Stock 
Nissan SKYLINE GT-R (R34) '00 ,0800,10A1F808 00000800 ,Stock 
Nissan SKYLINE GT-R (R34) '99 ,07FF,10A1F808 000007FF ,Stock 
Nissan SKYLINE GT-R M-spec (R34) '01 ,071C,10A1F808 0000071C ,Stock 
Nissan SKYLINE GT-R M-spec Nur (R34) '02 ,088E,10A1F808 0000088E ,Stock 
Nissan SKYLINE GT-R N1 (R32) '91 ,08C0,10A1F808 000008C0 ,Stock 
Nissan SKYLINE GT-R N1 (R33) '95 ,08C8,10A1F808 000008C8 ,Stock 
Nissan SKYLINE GT-R Special Color Midnight Purple II (R34) '99 ,0802,10A1F808 00000802 ,Stock 
Nissan SKYLINE GT-R Special Color Midnight Purple III (R34) '00 ,0803,10A1F808 00000803 ,Stock 
Nissan SKYLINE GT-R Vspec (R32) '93 ,08C1,10A1F808 000008C1 ,Stock 
Nissan SKYLINE GT-R Vspec (R33) '95 ,0804,10A1F808 00000804 ,Stock 
Nissan SKYLINE GT-R Vspec (R33) '96 ,0805,10A1F808 00000805 ,Stock 
Nissan SKYLINE GT-R Vspec (R33) '97 ,071B,10A1F808 0000071B ,Stock 
Nissan SKYLINE GT-R V-spec (R34) '99 ,071E,10A1F808 0000071E ,Stock 
Nissan SKYLINE GT-R Vspec II (R32) '94 ,0838,10A1F808 00000838 ,Stock 
Nissan SKYLINE GT-R V-spec II (R34) '00 ,0720,10A1F808 00000720 ,Stock 
Nissan SKYLINE GT-R V-spec II N1 (R34) '00 ,0806,10A1F808 00000806 ,Stock 
Nissan SKYLINE GT-R V-spec II Nur (R34) '02 ,0638,10A1F808 00000638 ,Stock 
Nissan SKYLINE GT-R Vspec LM Limited (R33) '96 ,08C9,10A1F808 000008C9 ,Stock 
Nissan SKYLINE GT-R Vspec N1 (R32) '93 ,08C2,10A1F808 000008C2 ,Stock 
Nissan SKYLINE GT-R V-spec N1 (R34) '99 ,0807,10A1F808 00000807 ,Stock 
Nissan SKYLINE GTS25 Type S (R32) '91 ,08C3,10A1F808 000008C3 ,Stock 
Nissan SKYLINE GTS-R (R31) '87 ,05CC,10A1F808 000005CC ,Stock 
Nissan SKYLINE GTS-t Type M (R32) '89 ,08C4,10A1F808 000008C4 ,Stock 
Nissan SKYLINE GTS-t Type M (R32) '91 ,066F,10A1F808 0000066F ,Stock 
Nissan SKYLINE Hard Top 2000 RS-X Turbo C (R30) '84 ,06B4,10A1F808 000006B4 ,Stock 
Nissan SKYLINE Hard Top 2000 Turbo RS (R30) '83 ,069E,10A1F808 0000069E ,Stock 
Nissan SKYLINE Hard Top 2000GT-R (KPGC10) '70 ,0878,10A1F808 00000878 ,Stock 
Nissan SKYLINE SEDAN 300GT '01 ,0741,10A1F808 00000741 ,Stock 
Nissan SKYLINE SEDAN 350GT-8 '02 ,07FE,10A1F808 000007FE ,Stock 
Nissan SKYLINE Sport Coupe (BLRA-3) '62 ,0808,10A1F808 00000808 ,Stock 
Nissan STAGEA 25t RS FOUR S '98 ,0809,10A1F808 00000809 ,Stock 
Nissan STAGEA 260RS AutechVersion '98 ,080A,10A1F808 0000080A ,Stock 
Nissan XANAVI HIROTO GT-R (JGTC) '01 ,0750,10A1F808 00000750 ,Stock 
Nissan XANAVI NISMO GT-R (JGTC) '03 ,0607,10A1F808 00000607 ,Stock 
Opel Astra Touring Car (Opel Team Phoenix) '00 ,067E,10A1F808 0000067E ,Stock 
Opel Calibra Touring Car '94 ,06AA,10A1F808 000006AA ,Stock 
Opel Corsa Comfort 1.4 '01 ,0680,10A1F808 00000680 ,Stock 
Opel Speedster '00 ,0716,10A1F808 00000716 ,Stock 
Opel Speedster Turbo '00 ,08BC,10A1F808 000008BC ,Stock 
Opel Tigra 1.6i '99 ,06C1,10A1F808 000006C1 ,Stock 
Opel Vectra 3.2 V6 '03 ,0655,10A1F808 00000655 ,Stock 
Opera Performance 350Z '04 ,0908,10A1F808 00000908 ,Stock 
Opera Performance S2000 '04 ,08BD,10A1F808 000008BD ,Stock 
Pagani Zonda C12 '00 ,0756,10A1F808 00000756 ,Stock 
Pagani Zonda C12S '00 ,0757,10A1F808 00000757 ,Stock 
Pagani Zonda C12S 7.3 '02 ,0683,10A1F808 00000683 ,Stock 
Pagani Zonda LM Race Car '01 ,0684,10A1F808 00000684 ,Stock 
Panoz Esperante GTR-1 Race Car '98 ,05D8,10A1F808 000005D8 ,Stock 
Pescarolo Courage C60/Peugeot Race Car '03 ,0685,10A1F808 00000685 ,Stock 
Peugeot 106 Rallye '03 ,0879,10A1F808 00000879 ,Stock 
Peugeot 106 S16 '03 ,0839,10A1F808 00000839 ,Stock 
Peugeot 205 Turbo 16 '85 ,0775,10A1F808 00000775 ,Stock 
Peugeot 205 Turbo 16 Evo2 Rally Car '86 ,05CF,10A1F808 000005CF ,Stock 
Peugeot 205 Turbo 16 Rally Car '85 ,0774,10A1F808 00000774 ,Stock 
Peugeot 206 Rally Car '99 ,0652,10A1F808 00000652 ,Stock 
Peugeot 206 RC '03 ,08F5,10A1F808 000008F5 ,Stock 
Peugeot 206 S16 '99 ,06CE,10A1F808 000006CE ,Stock 
Peugeot 206cc '01 ,0687,10A1F808 00000687 ,Stock 
Peugeot 307 XSi '04 ,0860,10A1F808 00000860 ,Stock 
Peugeot 406 3.0 V6 Coupe '98 ,083A,10A1F808 0000083A ,Stock 
Peugeot 905 Race Car '92 ,0964,10A1F808 00000964 ,Stock 
PlayStation Pescarolo C60/Judd Race Car '04 ,0654,10A1F808 00000654 ,Stock 
Plymouth Cuda 440 Six Pack '71 ,0591,10A1F808 00000591 ,Stock 
Plymouth Super Bird '70 ,07CC,10A1F808 000007CC ,Stock 
Pontiac GTO 5.7 Coupe '04 ,0776,10A1F808 00000776 ,Stock 
Pontiac Solstice Coupe Concept '02 ,0744,10A1F808 00000744 ,Stock 
Pontiac Sunfire GXP Concept '02 ,05B7,10A1F808 000005B7 ,Stock 
Pontiac Tempest Le Mans GTO '64 ,05AB,10A1F808 000005AB ,Stock 
Pontiac Vibe GT '03 ,05AC,10A1F808 000005AC ,Stock 
Proto Motors SPIRRA 4.6 V8 '04 ,096F,10A1F808 0000096F ,Stock 
Renault 5 Maxi Turbo Rally Car '85 ,05D0,10A1F808 000005D0 ,Stock 
Renault 5 Turbo '80 ,0613,10A1F808 00000613 ,Stock 
Renault AVANTIME '02 ,080C,10A1F808 0000080C ,Stock 
Renault Clio Renault Sport 2.0 16V '02 ,058C,10A1F808 0000058C ,Stock 
Renault Clio Renault Sport Trophy V6 24V Race Car '00 ,068A,10A1F808 0000068A ,Stock 
Renault Clio Renault Sport V6 24V '00 ,0689,10A1F808 00000689 ,Stock 
Renault Clio Renault Sport V6 Phase 2 '03 ,08F7,10A1F808 000008F7 ,Stock 
Renault Megane 2.0 16V '03 ,07CD,10A1F808 000007CD ,Stock 
Renault Megane 2.0 IDE Coupe '00 ,0855,10A1F808 00000855 ,Stock 
RUF 3400S '00 ,067D,10A1F808 0000067D ,Stock 
RUF BTR '86 ,0777,10A1F808 00000777 ,Stock 
"RUF CTR ""Yellow Bird"" '87" ,078B,10A1F808 0000078B ,Stock 
RUF CTR2 '96 ,083C,10A1F808 0000083C ,Stock 
RUF RGT '00 ,0623,10A1F808 00000623 ,Stock 
Saleen S7 '02 ,06A3,10A1F808 000006A3 ,Stock 
Sauber Mercedes C 9 Race Car '89 ,091A,10A1F808 0000091A ,Stock 
Seat Ibiza Cupra '04 ,08E9,10A1F808 000008E9 ,Stock 
Shelby Cobra 427 '67 ,0676,10A1F808 00000676 ,Stock 
Shelby Mustang G.T. 350R '65 ,080E,10A1F808 0000080E ,Stock 
Shelby Series 1 Super Charged '03 ,080F,10A1F808 0000080F ,Stock 
SILEIGHTY '98 ,05CE,10A1F808 000005CE ,Stock 
Spoon CIVIC TYPE R (EK) '00 ,063B,10A1F808 0000063B ,Stock 
Spoon Fit Race Car '03 ,05FA,10A1F808 000005FA ,Stock 
Spoon INTEGRA TYPE R (DC2) '99 ,087A,10A1F808 0000087A ,Stock 
Spoon S2000 '00 ,0745,10A1F808 00000745 ,Stock 
Spoon S2000 Race Car '00 ,063C,10A1F808 0000063C ,Stock 
Spyker C8 Laviolette '02 ,06E2,10A1F808 000006E2 ,Stock 
Subaru IMPREZA Coupe 22B-STi Ver. '98 ,06F5,10A1F808 000006F5 ,Stock 
Subaru IMPREZA Coupe WRXtypeR STi Version VI (GC) '99 ,06B6,10A1F808 000006B6 ,Stock 
Subaru IMPREZA Rally Car '01 ,06F8,10A1F808 000006F8 ,Stock 
Subaru IMPREZA Rally Car '03 ,059E,10A1F808 0000059E ,Stock 
Subaru IMPREZA Rally Car '99 ,05DF,10A1F808 000005DF ,Stock 
Subaru IMPREZA Rally Car Prototype '01 ,06F9,10A1F808 000006F9 ,Stock 
Subaru IMPREZA Sedan WRX STi (GC) '94 ,061A,10A1F808 0000061A ,Stock 
Subaru IMPREZA Sedan WRX STi (GD, Type-II) '02 ,05A0,10A1F808 000005A0 ,Stock 
Subaru IMPREZA Sedan WRX STi spec C (GD, Type-II) '04 ,08D8,10A1F808 000008D8 ,Stock 
Subaru IMPREZA Sedan WRX STi Version (GD, Type-I) '00 ,06FA,10A1F808 000006FA ,Stock 
Subaru IMPREZA Sedan WRX STi Version II (GC) '95 ,0810,10A1F808 00000810 ,Stock 
Subaru IMPREZA Sedan WRX STi Version III (GC) '96 ,0811,10A1F808 00000811 ,Stock 
Subaru IMPREZA Sedan WRX STi Version IV (GC) '97 ,0812,10A1F808 00000812 ,Stock 
Subaru IMPREZA Sedan WRX STi Version V (GC) '98 ,0813,10A1F808 00000813 ,Stock 
Subaru IMPREZA Sedan WRX STi Version VI (GC) '99 ,0850,10A1F808 00000850 ,Stock 
Subaru IMPREZA Sport Wagon STi (GG, Type-I) '00 ,083D,10A1F808 0000083D ,Stock 
Subaru IMPREZA Sport Wagon WRX STi Version VI (GF) '99 ,0670,10A1F808 00000670 ,Stock 
Subaru IMPREZA STi Prodrive Style '01 ,059F,10A1F808 0000059F ,Stock 
Subaru IMPREZA Super Touring Car '01 ,06F6,10A1F808 000006F6 ,Stock 
Subaru LEGACY B4 2.0GT '03 ,06A1,10A1F808 000006A1 ,Stock 
Subaru LEGACY B4 2.0GT specB '03 ,05DD,10A1F808 000005DD ,Stock 
Subaru LEGACY B4 3.0R '03 ,05E4,10A1F808 000005E4 ,Stock 
Subaru LEGACY B4 Blitzen '00 ,05E2,10A1F808 000005E2 ,Stock 
Subaru LEGACY B4 RSK '98 ,05E1,10A1F808 000005E1 ,Stock 
Subaru LEGACY Touring Wagon 2.0GT '03 ,06A2,10A1F808 000006A2 ,Stock 
Subaru LEGACY Touring Wagon 2.0GT specB '03 ,05DC,10A1F808 000005DC ,Stock 
Subaru LEGACY Touring Wagon 3.0R '03 ,05E3,10A1F808 000005E3 ,Stock 
Subaru LEGACY Touring Wagon GT-B '96 ,05E0,10A1F808 000005E0 ,Stock 
Subaru SUBARU 360 '58 ,08DC,10A1F808 000008DC ,Stock 
Suzuki ALTO LAPIN Turbo '02 ,078C,10A1F808 0000078C ,Stock 
Suzuki ALTO WORKS RS-Z '97 ,08D9,10A1F808 000008D9 ,Stock 
Suzuki ALTO WORKS SUZUKI SPORT LIMITED '97 ,0583,10A1F808 00000583 ,Stock 
Suzuki Cappuccino (EA11R) '91 ,083E,10A1F808 0000083E ,Stock 
Suzuki Cappuccino (EA21R) '95 ,06E5,10A1F808 000006E5 ,Stock 
Suzuki CONCEPT-S2 '03 ,0609,10A1F808 00000609 ,Stock 
Suzuki ESCUDO Dirt Trial Car '98 ,085B,10A1F808 0000085B ,Stock 
Suzuki GSX-R/4 '01 ,06F2,10A1F808 000006F2 ,Stock 
Suzuki Kei WORKS '02 ,0656,10A1F808 00000656 ,Stock 
Suzuki MR Wagon Sport '04 ,087B,10A1F808 0000087B ,Stock 
Suzuki WAGON R RR '98 ,0814,10A1F808 00000814 ,Stock 
Tommy kaira ZZII '00 ,0758,10A1F808 00000758 ,Stock 
Tommy kaira ZZ-S '00 ,0759,10A1F808 00000759 ,Stock 
Tom's X540 CHASER '00 ,0749,10A1F808 00000749 ,Stock 
Toyota 2000GT '67 ,078E,10A1F808 0000078E ,Stock 
Toyota 7 Race Car '70 ,0817,10A1F808 00000817 ,Stock 
Toyota ALTEZZA Touring Car '01 ,06DE,10A1F808 000006DE ,Stock 
Toyota au CERUMO Supra (JGTC) '01 ,061B,10A1F808 0000061B ,Stock 
Toyota bB 1.5Z X Version '00 ,060C,10A1F808 0000060C ,Stock 
Toyota CALDINA GT-FOUR '02 ,078D,10A1F808 0000078D ,Stock 
Toyota CARINA ED 2.0 X 4WS '89 ,085C,10A1F808 0000085C ,Stock 
Toyota Castrol Tom's Supra (JGTC) '00 ,0647,10A1F808 00000647 ,Stock 
Toyota Castrol Tom's Supra (JGTC) '01 ,0648,10A1F808 00000648 ,Stock 
Toyota CELICA 1600GT (TA22) '70 ,060D,10A1F808 0000060D ,Stock 
Toyota CELICA 2000GT-FOUR (ST165) '86 ,087C,10A1F808 0000087C ,Stock 
Toyota CELICA 2000GT-R (ST162) '86 ,05D2,10A1F808 000005D2 ,Stock 
Toyota CELICA GT-FOUR (ST205) '98 ,083F,10A1F808 0000083F ,Stock 
Toyota CELICA GT-FOUR Rally Car (ST185) '95 ,06C8,10A1F808 000006C8 ,Stock 
Toyota CELICA GT-FOUR Rally Car (ST205) '95 ,0840,10A1F808 00000840 ,Stock 
Toyota CELICA GT-FOUR RC (ST185) '91 ,05D5,10A1F808 000005D5 ,Stock 
Toyota CELICA GT-R (ST183, 4WS) '91 ,085E,10A1F808 0000085E ,Stock 
Toyota CELICA SS-II (ST202) '97 ,0589,10A1F808 00000589 ,Stock 
Toyota CELICA SS-II (ZZT231) '99 ,06E6,10A1F808 000006E6 ,Stock 
Toyota CELICA XX 2800GT '81 ,05D1,10A1F808 000005D1 ,Stock 
Toyota COROLLA LEVIN BZ-R '98 ,05D6,10A1F808 000005D6 ,Stock 
Toyota COROLLA LEVIN GT-APEX (AE86) '83 ,05A5,10A1F808 000005A5 ,Stock 
Toyota COROLLA Rally Car '98 ,0841,10A1F808 00000841 ,Stock 
Toyota COROLLA RUNX Z AEROTOURER '02 ,077C,10A1F808 0000077C ,Stock 
Toyota DENSO SARD SUPRA GT (JGTC) '00 ,064A,10A1F808 0000064A ,Stock 
Toyota ESSO Ultraflo Supra (JGTC) '01 ,064B,10A1F808 0000064B ,Stock 
Toyota GT-ONE Race Car (TS020) '99 ,05DA,10A1F808 000005DA ,Stock 
Toyota ist 1.5S '02 ,060E,10A1F808 0000060E ,Stock 
Toyota Modellista CELICA TRD Sports M (ZZT231) '00 ,0644,10A1F808 00000644 ,Stock 
Toyota Motor Triathlon Race Car '04 ,0641,10A1F808 00000641 ,Stock 
Toyota MR2 1600 G '86 ,087D,10A1F808 0000087D ,Stock 
Toyota MR2 1600 G-Limited Super Charger '86 ,05D3,10A1F808 000005D3 ,Stock 
Toyota MR2 G-Limited '97 ,0842,10A1F808 00000842 ,Stock 
Toyota MR2 GT-S '97 ,0635,10A1F808 00000635 ,Stock 
Toyota MR2 S Edition (J) '99 ,0944,10A1F808 00000944 ,Stock 
Toyota MR2 V Edition (J) '02 ,0942,10A1F808 00000942 ,Stock 
Toyota PRIUS G (J) '02 ,05C0,10A1F808 000005C0 ,Stock 
Toyota PRIUS G Touring Selection (J) '03 ,05BF,10A1F808 000005BF ,Stock 
Toyota RSC '01 ,072B,10A1F808 0000072B ,Stock 
Toyota RSC Rally Raid Car '02 ,064C,10A1F808 0000064C ,Stock 
Toyota SERA '92 ,06A0,10A1F808 000006A0 ,Stock 
Toyota SPORTS 800 '65 ,094C,10A1F808 0000094C ,Stock 
Toyota SPRINTER TRUENO BZ-R '98 ,05D7,10A1F808 000005D7 ,Stock 
Toyota SPRINTER TRUENO GT-APEX (AE86) '83 ,085D,10A1F808 0000085D ,Stock 
Toyota SPRINTER TRUENO GT-APEX (AE86) Shuichi Shigeno Version '00 ,0694,10A1F808 00000694 ,Stock 
Toyota STARLET Glanza V '97 ,0816,10A1F808 00000816 ,Stock 
Toyota SUPERAUTOBACS APEX MR-S (JGTC) '00 ,061D,10A1F808 0000061D ,Stock 
Toyota SUPRA 2.5GT Twin Turbo R '90 ,0843,10A1F808 00000843 ,Stock 
Toyota SUPRA 3.0GT Turbo A '88 ,087E,10A1F808 0000087E ,Stock 
Toyota SUPRA RZ '97 ,05B8,10A1F808 000005B8 ,Stock 
Toyota SUPRA SZ-R '97 ,0748,10A1F808 00000748 ,Stock 
Toyota Tacoma X-Runner '04 ,08D3,10A1F808 000008D3 ,Stock 
Toyota VOLTZ S '02 ,077B,10A1F808 0000077B ,Stock 
Toyota WEDSSPORT CELICA (JGTC) '03 ,077D,10A1F808 0000077D ,Stock 
Toyota WiLL VS '01 ,05BB,10A1F808 000005BB ,Stock 
Toyota WOODONE Tom's Supra (JGTC) '03 ,060F,10A1F808 0000060F ,Stock 
Toyota Yaris F (J) '99 ,081F,10A1F808 0000081F ,Stock 
Toyota Yaris RS 1.5 (J) '00 ,093D,10A1F808 0000093D ,Stock 
Toyota Yaris RS Turbo (J) '02 ,0919,10A1F808 00000919 ,Stock 
Toyota Yaris U Euro Sport Edition (J) '00 ,081E,10A1F808 0000081E ,Stock 
TRIAL CELICA SS-II (ZZT231) '03 ,0627,10A1F808 00000627 ,Stock 
Triumph Spitfire 1500 '74 ,0778,10A1F808 00000778 ,Stock 
TVR Cerbera Speed 12 '00 ,0691,10A1F808 00000691 ,Stock 
TVR Cerbera Speed Six '97 ,0616,10A1F808 00000616 ,Stock 
TVR Griffith 500 '94 ,0844,10A1F808 00000844 ,Stock 
TVR T350C '03 ,06A6,10A1F808 000006A6 ,Stock 
TVR Tamora '02 ,0779,10A1F808 00000779 ,Stock 
TVR Tuscan Speed 6 '00 ,0621,10A1F808 00000621 ,Stock 
TVR V8S '91 ,0861,10A1F808 00000861 ,Stock 
Vauxhall Astra Super Touring Car '00 ,074B,10A1F808 0000074B ,Stock 
Vauxhall Calibra Super Touring Car '94 ,074C,10A1F808 0000074C ,Stock 
Vauxhall Corsa Comfort 1.4 '01 ,074D,10A1F808 0000074D ,Stock 
Vauxhall Tigra 1.6i '99 ,07A7,10A1F808 000007A7 ,Stock 
Vauxhall Vectra 3.2 V6 '03 ,07A6,10A1F808 000007A6 ,Stock 
Vauxhall VX220 '00 ,074E,10A1F808 0000074E ,Stock 
Vauxhall VX220 Turbo '00 ,0909,10A1F808 00000909 ,Stock 
Volvo 240 GLT Estate '88 ,0819,10A1F808 00000819 ,Stock 
Volvo S60 T 5 Sport '03 ,0790,10A1F808 00000790 ,Stock 
VW Beetle 1100 Standard (Type-11) '49 ,0619,10A1F808 00000619 ,Stock 
VW Bora V6 4MOTION '01 ,088B,10A1F808 0000088B ,Stock 
VW Golf I GTI '76 ,08E8,10A1F808 000008E8 ,Stock 
VW Golf IV GTI '01 ,059B,10A1F808 0000059B ,Stock 
VW Golf IV R32 '03 ,06A7,10A1F808 000006A7 ,Stock 
VW Golf V GTI '05 ,08E7,10A1F808 000008E7 ,Stock 
VW Karmann Ghia Coupe (Type-1) '68 ,0845,10A1F808 00000845 ,Stock 
VW Lupo Cup Car '00 ,0625,10A1F808 00000625 ,Stock 
VW Lupo GTI '01 ,0709,10A1F808 00000709 ,Stock 
VW Lupo GTI Cup Car (J) '03 ,0618,10A1F808 00000618 ,Stock 
VW Lupo1.4 '02 ,078F,10A1F808 0000078F ,Stock 
VW New Beetle 2.0 '00 ,06E0,10A1F808 000006E0 ,Stock 
VW New Beetle Cup Car '00 ,0624,10A1F808 00000624 ,Stock 
VW New Beetle RSi '00 ,06E1,10A1F808 000006E1 ,Stock 
VW Polo GTI '01 ,0847,10A1F808 00000847 ,Stock 
VW W12 Nardo Concept '01 ,0681,10A1F808 00000681,Stock 
